Radius (um),Gap (nm),Width (nm),Nd (cm^-3),r_L,ER (dB),Q Factor,FSR (nm),f_RC (GHz),VpiL (V.cm),Efficiency (1/V.cm),Is_Valid
12.95513593608501,170.0276555648753,433.9672537003048,5.923104883870662e+17,0.46616299959824464,13.759510396936498,37173.64384417513,7.3850002402371935,25.659323268480627,1.1727411729655683,0.8527030712763761,False
10.69859904110316,169.80075246897445,460.52149134634755,4.669428122339514e+17,0.20955952227058228,21.182811054328607,81091.57039378858,8.948582091792028,21.468880140946187,1.4185046229344005,0.7049677412621627,False
10.0,170.27999358059978,415.3379732261156,1e+18,0.5,20.27199764787566,26487.131093939788,9.562910661149074,34.83580149868788,0.7713326429473996,1.296457513037205,False
10.0,226.57984410142612,467.576214906067,1e+18,0.5,0.8740746712710872,55779.315605639866,9.575420536356486,30.943899045589724,0.7713326429473996,1.296457513037205,False
